제목,카테고리,링크
폐비닐에서 기름을 뽑아낸 한국 기사를 본 미국인들의 반응.JPG  [28],유머,https://www.fmkorea.com/best/5741387855
PD 인생 최대의 위기 ㄷㄷㄷㄷ....JPG  [62],유머,https://www.fmkorea.com/best/5741404782
로마사람들이 콜로세움에 갔던 이유  [42],유머,https://www.fmkorea.com/best/5739890499
2004년 논산훈련소 수류탄 자살사건  [158],미스터리 - 미스터리/공포,https://www.fmkorea.com/best/5740447895
ㅇㅎ) 올 여름을 강타할 호러영화.gif  [58],유머 - 움짤,https://www.fmkorea.com/best/5741368784
무림 고수들의 대결.jpg  [41],유머,https://www.fmkorea.com/best/5740241376
노트북 청소하는 꿀팁.....gif  [112],유머 - 움짤,https://www.fmkorea.com/best/5739779268
문신 있는 여자가 할 수 있는 직업.jpg  [231],유머,https://www.fmkorea.com/best/5740196004
스포 | 마블 가오갤 3 OST 끝내주는 노래들 삽입 장면들 설명  [94],영화/TV - 정보/기사,https://www.fmkorea.com/best/5740820486
"[인천vs수원] 이기제 ""어린이날 골로 자녀에게 큰 선물했다""  [19]",국내축구 - 경기사진/영상,https://www.fmkorea.com/best/5740921470
[인천vs수원] 에르난데스 대포알 중거리 양형모 선방 ㄷㄷㄷㄷㄷㄷㄷㄷㄷ  [16],국내축구 - 경기사진/영상,https://www.fmkorea.com/best/5740806200
실시간 숙소에서 나오는 김민재를 환영하는 나폴리팬들.swf  [83],유머 - 움짤,https://www.fmkorea.com/best/5741345540
속보)정찬성: 할로웨이랑 연말에 싸울거 같다 ㄷㄷㄷㄷ  [130],유머 - 움짤,https://www.fmkorea.com/best/5741056685
엄마랑 인생네컷 찍었는데 나 진짜 사랑한다 느낀게..JPG  [78],유머,https://www.fmkorea.com/best/5739908589
공중화장실에 민감하다는 배우 손석구 엄마 ㄷㄷ....jpg  [113],유머,https://www.fmkorea.com/best/5739966960
"[더 타임즈 - 폴 조이스] 리버풀, 맨유의 타겟인 맥 알리스터를 노립니다.  [59]",축구소식 - 번역기사,https://www.fmkorea.com/best/5739845543
대한민국 3대 권장사항  [198],유머,https://www.fmkorea.com/best/5739869485
어른이날 희귀 금카 큰 거 왔다... 내가 누구?!  [102],피온 - 강화/득템,https://www.fmkorea.com/best/5739824712
초딩 1학년이 배운다는 영단어 ㄷㄷ  [426],유머,https://www.fmkorea.com/best/5740114110
토츠 금카 떳냐???? 토츠 금카 떳냐???? 토츠 금카 떳냐????  [87],피온 - 강화/득템,https://www.fmkorea.com/best/5740948871
"[롯데온] 라코스테 본사 베이직 반팔티/파리 폴로 피케티 등 (56,880원) ...  [167]",핫딜 - 의류,https://www.fmkorea.com/best/5740269900
"상승세 꺾인 인천 조성환 감독 ""지난해의 위닝 멘탈리티 필요해""  [70]",국내축구 - 정보/기사,https://www.fmkorea.com/best/5740985105
무서운 여동생 귀신 ㄷㄷ  [104],유머 - 움짤,https://www.fmkorea.com/best/5740762712
[해설/대구v울산] 황재환 멀티골 ㄹㄹㄹㄹㄹㄹㄹㄹㄹㄹㄹㄹㄹ  [13],국내축구 - 경기사진/영상,https://www.fmkorea.com/best/5740364464
특정세력에 견제당해 공중파 음방 못나오는 걸그룹  [219],유머 - 이슈,https://www.fmkorea.com/best/5740688195
김치찌개 다뒤졌다 돼지고기에 라면사리까지ㅋㅋㅋ  [195],유머,https://www.fmkorea.com/best/5741140796
[해설/대구v울산] 철퇴 마틴아담 ㄷㄷㄷㄷㄷ  [77],국내축구 - 경기사진/영상,https://www.fmkorea.com/best/5740323605
"[11번가] 쏜리서치 베이직 뉴트리언트 투퍼데이 60캡슐 4병 (79,800원) ...  [89]",핫딜 - 먹거리,https://www.fmkorea.com/best/5740185418
"[SK] 선출 해설자가 뽑은 프리미어 리그 올타임 베스트 11 (데이터, ...  [184]",축구소식 - 번역기사,https://www.fmkorea.com/best/5739941733
전업주부의 20kg 감량 비결  [423],유머 - 움짤,https://www.fmkorea.com/best/5740634170
타진요 사건이 유독 기억에 남는 이유.jpg  [369],유머,https://www.fmkorea.com/best/5741091737
1945년 당시 한국 지도  [141],미스터리 - 역사/일화,https://www.fmkorea.com/best/5740439398
"[쿠팡] 킨더 해피히포 t5 초콜릿 104g x 5입 (14,490와우회원) (와우무료)  [34]",핫딜 - 먹거리,https://www.fmkorea.com/best/5739193332
한국말 옹알이 시작한 클린스만 감독ㅋㅋㅋㅋ  [174],유머,https://www.fmkorea.com/best/5740866704
천안 중학생 파출소 난동사건 최신ㄹ황..  [151],유머,https://www.fmkorea.com/best/5740475123
"EU, 애플에 C타입으로 장난치지 말라고 경고  [371]",유머,https://www.fmkorea.com/best/5741266862
일본인들도 피할수 없는 바가지요금 ㄷㄷ....JPG  [101],유머,https://www.fmkorea.com/best/5739929201
[k1.told] 수원의 '첫 승'...최성용 대행이 이뤄낸 '마지막 약속'  [23],국내축구 - 정보/기사,https://www.fmkorea.com/best/5740945768
육아 20일차 후기.  [174],자동차 - 잡담,https://www.fmkorea.com/best/5740187740
[AS-파트리샤 카존] 아틀레티코 - 이강인  [293],해외축구 - Atlético,https://www.fmkorea.com/best/5741084938
백제 왕조의 역사를 보면 개로왕이나 성왕은 곱게 죽은 편같음  [107],미스터리 - 역사/일화,https://www.fmkorea.com/best/5740081210
포포투) 라이벌이지만 축하해!...'33년 만 리그 우승' 나폴리에게 건네는...  [49],축구소식 - 국내기사,https://www.fmkorea.com/best/5740172372
[TMW]김민재가 보여준 교훈-재능은 어디에나 존재하니 그냥 믿어라  [81],축구소식 - 번역기사,https://www.fmkorea.com/best/5741007996
충북 어느 폐아파트 불빛의 정체.jpg  [111],미스터리 - 미스터리/공포,https://www.fmkorea.com/best/5734988092
"아이유, 어린이날맞아 1억기부  [240]",유머,https://www.fmkorea.com/best/5740096979
루이 14세 : 너는 못생겨서 시종으로도 못 써먹겠다.  [36],미스터리 - 역사/일화,https://www.fmkorea.com/best/5741042525
[풀무원] 풀무원 39주년 할인 + 페이코 18퍼 할인 (매상품다름) (4만원...  [117],핫딜 - 먹거리,https://www.fmkorea.com/best/5741176819
덱스에게 개빡쳐서 소리지른 이유 해명한 하승진 근황 ㄷㄷㄷ...JPG  [507],유머,https://www.fmkorea.com/best/5741193431
영화 타짜 실제 주인공 손기술 클라스.gif  [164],유머 - 움짤,https://www.fmkorea.com/best/5740895589
남친이 섹스 스킬이 부족해요.JPG  [128],유머,https://www.fmkorea.com/best/5740721604
"[파브리지오 로마노] 제임스 밀너 to 브라이튼, Here we go!  [252]",해외축구 - Liverpool,https://www.fmkorea.com/best/5741137971
"눈치가 없는 남친, 팬티가 없는 여친.JPG  [95]",유머,https://www.fmkorea.com/best/5741119267
[RMC] 메시는 바르샤 복귀를 위해 연봉을 1/3로 삭감할 준비가 되었다.  [316],축구소식 - 번역기사,https://www.fmkorea.com/best/5739787484
의대에 가라고 9수 시킨 엄마를 살해한 딸  [202],유머,https://www.fmkorea.com/best/5741128341
제2의 N번방이라고 하던 우울증갤러리 사태가 조용한 이유..jpg  [210],유머 - 이슈,https://www.fmkorea.com/best/5741174792
현재 나폴리에서 축제 즐기는 송중기.jpg  [146],유머 - 이슈,https://www.fmkorea.com/best/5741063157
YG 내부에서 반대했다는 블랙핑크 데뷔 곡.mp4  [451],유머 - 움짤,https://www.fmkorea.com/best/5740830564
남자 얼굴과 목소리의 중요성.mp4  [203],유머 - 움짤,https://www.fmkorea.com/best/5740878182
시고르자브종의 하루.gif  [99],유머 - 움짤,https://www.fmkorea.com/best/5739897474
세계에서 가장 큰 수영장.jpg  [145],유머,https://www.fmkorea.com/best/5740838724
오늘자 뉴스...음주 뺑소니한 경찰관의 차량을 공개 거부한 경찰 ㄷㄷ..NEWS  [126],유머,https://www.fmkorea.com/best/5740708545
"[G마켓] [빅스예고] 로보락S8 Pro Ultra (1,490,000원) (무료)  [204]",핫딜 - 가전제품,https://www.fmkorea.com/best/5741004982
차은우 얼굴 제대로 못보는 누나.MP4  [294],유머 - 움짤,https://www.fmkorea.com/best/5740168449
외국인이 그린 한국의 조폭.jpg  [131],유머,https://www.fmkorea.com/best/5740546451
"박동진, ""전북 어린 팬들 동심 꺾어 미안...크면 다 알게 될 것""  [243]",국내축구 - 정보/기사,https://www.fmkorea.com/best/5741066087
대장금 만두국 에피소드 ㄷㄷ.....JPG  [265],유머,https://www.fmkorea.com/best/5740388077
동전을 벽에 붙이는 K-매그니토 할아버지.JPG  [252],유머,https://www.fmkorea.com/best/5740956995
엘리베이터 가이로 유명했던 노홍철.jpg  [86],유머,https://www.fmkorea.com/best/5741021775
너무 쌩얼로 왔다고 말하는 배우.gif  [291],유머 - 움짤,https://www.fmkorea.com/best/5740975622
여자AV배우에게 고백한 남자AV배우 ㅋㅋㅋ  [195],유머,https://www.fmkorea.com/best/5740515643
오싹한 채식주의자의 돈까스 가게 후기.JPG  [208],유머,https://www.fmkorea.com/best/5740963917
( Yahoo/JP ) 한국언론이 나폴리 우승을 크게 다루는 이유 +코멘트  [185],유머,https://www.fmkorea.com/best/5740836365
클릭을 안할 수 없는 오늘자 슛포러브.jpg  [113],유머,https://www.fmkorea.com/best/5741036973
탐슨 던지는거 보니 이날 생각나네.jpg  [60],농구 - 멀티미디어,https://www.fmkorea.com/best/5739973976
오늘자 롯데월드 .jpg  [171],유머,https://www.fmkorea.com/best/5740753195
남미산 월드클래스 풀백들 특징.gif  [394],유머 - 움짤,https://www.fmkorea.com/best/5740808108
진~~~~~~~짜 못생긴 사람들의 특징  [308],유머,https://www.fmkorea.com/best/5740488595
???: 김상식 이새끼 명장병 걸린 새끼 아님?? 돌대가리새끼인가  [68],농구 - KBL,https://www.fmkorea.com/best/5741103365
"[예고] The GLoLy - EP.2 ""인생은 실전이야 예진아"" | 지옥의 젠지훈련...  [103]",LoL - LCK,https://www.fmkorea.com/best/5741035755
피지컬에 밀리는 동양인 남자.MP4  [133],유머 - 움짤,https://www.fmkorea.com/best/5740021960
귀여움 주의) 츄르 한방.mp4  [98],유머 - 움짤,https://www.fmkorea.com/best/5739837994
런닝머신 위를 걷는 고양이와 개.mp4  [77],유머 - 움짤,https://www.fmkorea.com/best/5739714744
오늘 경기끝나고  [36],국내축구 - K리그1,https://www.fmkorea.com/best/5741044237
엔비디아 그래픽 AI  [122],유머 - 움짤,https://www.fmkorea.com/best/5739951486
수원 승리 게시물에 댓글 단 박재정  [48],국내축구 - K리그1,https://www.fmkorea.com/best/5741048161
"""어이, 올려라. 농갤""  [69]",농구 - KBL,https://www.fmkorea.com/best/5741090416
에티오피아 한국 마을 ㄷㄷ....jpg  [98],유머,https://www.fmkorea.com/best/5740607435
장지현이 생각하는 김민재의 맨유/맨시티/리버풀 선택시 각각의 장단점  [533],유머,https://www.fmkorea.com/best/5740915292
"'감격의 첫승' 결국 울먹인 최성용 대행 ""좀 더 배우고 올 테니, 선...  [33]",국내축구 - 정보/기사,https://www.fmkorea.com/best/5741047958
황정민이 부르는 아이브 Kitsch ㅋㅋㅋ  [162],유머 - 움짤,https://www.fmkorea.com/best/5741044380
제일 예쁜 18호 .mp4  [208],유머 - 움짤,https://www.fmkorea.com/best/5736158025
[FootballTransfers-스티브 케이]데클런 라이스의 아스날행:웨스트햄의 스...  [87],축구소식 - 번역기사,https://www.fmkorea.com/best/5739170247
"수원삼성 최성용 ""소식 들었을 이병근 감독님, 보고 싶습니다""  [35]",국내축구 - 정보/기사,https://www.fmkorea.com/best/5741015699
나영석 PD의 서진이네를 보고 노잼이라고 소신발언한 유튜버 ㄷㄷㄷㄷ.JPG  [627],유머,https://www.fmkorea.com/best/5741032449
[오피셜] 개랑사망  [50],국내축구 - 잡담,https://www.fmkorea.com/best/5741015235
축구따위 중하냐? 이게 낭만아인교  [88],해외축구 - 맨유,https://www.fmkorea.com/best/5740855840
야.. 야이 미친 쇼핑몰아!.jpg  [70],유머,https://www.fmkorea.com/best/5740965675
기계시점의 영화 매트릭스 전개 ㄷㄷㄷㄷ....JPG  [176],유머,https://www.fmkorea.com/best/5740064781
못생긴 사람만 죽인다는 오랑우탄 ㄷㄷㄷㄷ...JPG  [126],유머,https://www.fmkorea.com/best/5739913953
어린이날 조카 선물사주려다 어질어질해진 여초녀 ㄷㄷㄷ....JPG  [228],유머,https://www.fmkorea.com/best/5740970808
김민재 인스타 댓글 페네르바체 팬 개웃기네 ㅋㅋㅋㅋㅋ  [108],해외축구 - Napoli,https://www.fmkorea.com/best/5739639044
개랑들아 이분 실종되었다가 찾았으면 개추ㅋㅋ  [32],국내축구 - K리그1,https://www.fmkorea.com/best/5740997985
1승했다고 기고만장해하는거 존나 웃기네 걍 ㅋㅋ.  [57],국내축구 - K리그1,https://www.fmkorea.com/best/5741005323
"[BeSoccer] 게리 네빌 “엘링 홀란드는 해리 케인, 웨인 루니, 호나...  [189]",축구소식 - 번역기사,https://www.fmkorea.com/best/5739655555
바둑 세계 1위 신진서 근황  [295],유머,https://www.fmkorea.com/best/5740769431
에타 주운 체크카드 논란.jpg  [429],유머,https://www.fmkorea.com/best/5740458831
엑박 사장 필 스펜서 존나 웃기네 시발 ㅋㅋㅋ  [110],PC/콘솔 - 자유,https://www.fmkorea.com/best/5740383822
태계일주 시즌2 출연진- 기안84 덱스 빠니보틀  [148],유머 - 이슈,https://www.fmkorea.com/best/5739885013
지금 신난 수원팬들  [67],국내축구 - K리그1,https://www.fmkorea.com/best/5740826610
"강형욱, ""차라리 파양하고 강형욱이 하라했다하세요. 욕은 내가 먹을게"" (...  [797]",유머 - 이슈,https://www.fmkorea.com/best/5740422057
[FH] 33년만에 스쿠데토 뱃지 착용하는 나폴리  [60],축구소식 - 번역기사,https://www.fmkorea.com/best/5740574126
조선시대 화폐단위가 귀엽다는 일본인  [113],유머,https://www.fmkorea.com/best/5740560620
[가제타] 김민재 시즌평점 및 코멘트  [124],해외축구 - Napoli,https://www.fmkorea.com/best/5739670714
배우들의 가난했던 시절  [112],유머,https://www.fmkorea.com/best/5740375380
[대구 vs 울산] ㅋㅋㅋㅋㅋㅋㅋㅋㅋㅋㅋㅋㅋ 귀엽다  [31],국내축구 - 경기사진/영상,https://www.fmkorea.com/best/5740402832
"""마음을 좀 덜었네요"" 첫 승 수원 최성용 감독대행의 눈물  [41]",국내축구 - 정보/기사,https://www.fmkorea.com/best/5740963054
코로 리코더 부는 일본녀  [178],유머 - 움짤,https://www.fmkorea.com/best/5740893796
"[칼치오메르카토] 데 라우렌티스: ""이번 우승은 시작점이며 계속 우승할...  [63]",축구소식 - 번역기사,https://www.fmkorea.com/best/5739677884
김상식 사임 후 득점까지 단 11초......  [58],국내축구 - 잡담,https://www.fmkorea.com/best/5740288841
나드손이 수삼 이긴거 댓글 달아줌 ㅠㅠㅠ  [27],국내축구 - 잡담,https://www.fmkorea.com/best/5740961400
발로란트 E스포츠 2022년 국제대회 명장면 모음  [264],발로란트 - 영상,https://www.fmkorea.com/best/5739161348
영국 왕실을 쉽게 폐지하기 어려운 이유  [272],미스터리 - 역사/일화,https://www.fmkorea.com/best/5740780851
아이돌 일본인멤버들은 공통적으로 갖고 있다는 스킬ㅋㅋ.mp4  [140],유머 - 움짤,https://www.fmkorea.com/best/5740285927
𝟮𝟬𝟮𝟯. 𝟱. 𝟱 결정적 장면 TOP5  [30],야구 - 정보,https://www.fmkorea.com/best/5740817067
텐 하흐 PL 탑 12 원정 경기 성적 ㄷㄷㄷㄷㄷ  [311],유머,https://www.fmkorea.com/best/5739608376
스타워즈 영화찍고 온갖 욕먹던 주인공 근황  [232],유머 - 움짤,https://www.fmkorea.com/best/5740744079
프랑스-아이티 식민지배 배상금 25조원.jpg  [224],유머,https://www.fmkorea.com/best/5739840921
어느 대학생들이 학식에 불만 가진 이유 ㄷㄷ...jpg  [192],유머,https://www.fmkorea.com/best/5740082538
[인천vs수원] 청백적 우산 돌리는 수원 원정팬들 ㅋㅋㅋ  [51],국내축구 - 경기사진/영상,https://www.fmkorea.com/best/5740827172
요즘 게임 업계 상황 ㄷㄷ....JPG  [227],유머,https://www.fmkorea.com/best/5739881474
"[인천vs수원] '드디어 첫승' 힘들었을 선수들, 코칭스태프, 팬들까지 ㅠ...  [62]",국내축구 - 경기사진/영상,https://www.fmkorea.com/best/5740904435
ㅋㅋㅋㅋㅋㅋㅋㅋㅋㅋㅋㅋㅋㅋㅋㅋㅋㅋㅋㅋㅋㅋㅋㅋㅋㅋㅋㅋㅋㅋㅋㅋㅋㅋㅋㅋㅋㅋ...  [63],국내축구 - K리그1,https://www.fmkorea.com/best/5740894520
SG사태 돈삭제 이벤트중..일일 연체 이자 9.7퍼.news  [299],유머 - 이슈,https://www.fmkorea.com/best/5740738001
이분 명장이면 개추 ㅋㅋ  [38],국내축구 - K리그1,https://www.fmkorea.com/best/5740916929
[오피셜] 수원삼성 울산 측면수비 이기제 영입  [51],국내축구 - K리그1,https://www.fmkorea.com/best/5740912194
미친놈 취급받던 조선 최고 재력가 청년  [161],유머,https://www.fmkorea.com/best/5739906766
펨붕이 고속도로에 갇혔다 ㅜㅜ  [205],자동차 - 잡담,https://www.fmkorea.com/best/5740833183
[인천vs수원] 으아아 권한진 슈팅 양형모 슈퍼세이브 ㄷㄷㄷㄷㄷㄷㄷㄷㄷㄷㄷㄷ  [23],국내축구 - 경기사진/영상,https://www.fmkorea.com/best/5740859176
탁재훈 유튜브 많이 봤다는 김예원 ㅋㅋㅋㅋㅋㅋㅋㅋ  [196],유머 - 움짤,https://www.fmkorea.com/best/5740730148
부모 자격 미달  [486],유머,https://www.fmkorea.com/best/5740758547
[대구 vs 울산] 황재환의 멀티골에 힘입어 대구 원정에서 완승하는 울...  [24],국내축구 - 경기사진/영상,https://www.fmkorea.com/best/5740532394
이 새끼 그리운 대구팬이면 개추ㅋㅋㅋㅋ  [68],국내축구 - K리그1,https://www.fmkorea.com/best/5740409253
[댄 킬패트릭] 세세뇽도 시즌 아웃 예상 ㅋㅋㅋㅋㅋㅋㅋㅋ  [155],해외축구 - 정보/SNS,https://www.fmkorea.com/best/5740779837
어제자 조세호가 최근 들은 얘기중에 가장 충격적인 이야기 ㄷㄷㄷ.JPG  [57],유머,https://www.fmkorea.com/best/5740172407
[오피셜] 1로빈만에 k리그 모든팀 먹이사슬 완성 !  [77],국내축구 - 경기사진/영상,https://www.fmkorea.com/best/5740799676
한반도 신이었을 수도 있는 일본 신  [140],미스터리 - 역사/일화,https://www.fmkorea.com/best/5740673868
"[댄 킬패트릭] 요리스, 뉴캐슬전이 토트넘 커리어 마지막 경기였을 수도  [91]",해외축구 - 정보/SNS,https://www.fmkorea.com/best/5740775600
[인천vs수원] 0:1 경기종료! 11라운드만에 드디어 리그 첫승 기록하는 ...  [150],국내축구 - 경기사진/영상,https://www.fmkorea.com/best/5740897840
[공홈] 리버풀 23-24시즌 홈 유니폼 공개  [196],축구소식 - 오피셜,https://www.fmkorea.com/best/5740600956
비오는날 1티어로 급부상하는 음식.gif  [253],유머,https://www.fmkorea.com/best/5740683896
"예원이 말하는 ""그 사건"".....mp4  [251]",유머,https://www.fmkorea.com/best/5739801303
"[스카이 스포츠] 알레산드로 코스타쿠르타: ""김민재는 심지어 나폴리의 ...  [96]",축구소식 - 번역기사,https://www.fmkorea.com/best/5740762344
"""야 이 개새끼야"" 발성 원탑.mp4  [285]",유머,https://www.fmkorea.com/best/5740418600
좆소 부장이 경리 울린 썰.jpg  [383],유머,https://www.fmkorea.com/best/5740736888
[오피셜] 2023 FIFA U-20 월드컵 최종명단 발표  [110],국내축구 - 오피셜,https://www.fmkorea.com/best/5740648567
의외로 방정환 고평가한 일본 고등계 형사.JPG  [63],미스터리 - 역사/일화,https://www.fmkorea.com/best/5740701071
포텐간 이혼변호사 과거트윗.twit  [214],유머,https://www.fmkorea.com/best/5740806959
[인천vs수원] 생각이 많아보이는 병버지  [24],국내축구 - 경기사진/영상,https://www.fmkorea.com/best/5740784544
중국제 짝퉁 테슬라  [282],유머,https://www.fmkorea.com/best/5740671699
"[디애슬레틱] 한 달간 이어진 토트넘 수비의 호러쇼 분석 (장문, 스압)  [112]",축구소식 - 번역기사,https://www.fmkorea.com/best/5740582629
[더선] 나폴리가 우승을 확정 지은 후 경기장에서 벨트를 무기로 사용...  [84],축구소식 - 번역기사,https://www.fmkorea.com/best/5740524403
오늘자 어린이날 선물로 쿠팡 주식받은 잼민이 ㄷㄷㄷㄷ.gif  [70],유머 - 움짤,https://www.fmkorea.com/best/5740669755
얼마전 입대한 BTS 제이홉 놀리는 같은 그룹 멤버  [179],유머,https://www.fmkorea.com/best/5740788200
덱스한테 개빡친 하승진 ㄷㄷ.jpg  [1221],유머 - 움짤,https://www.fmkorea.com/best/5740802441
카톡개 19금 논란  [118],유머,https://www.fmkorea.com/best/5740654264
신난 개랑 직캠  [48],국내축구 - K리그1,https://www.fmkorea.com/best/5740706653
일본 만화에 나오는 임진왜란 ㄷㄷㄷㄷ...JPG  [156],유머,https://www.fmkorea.com/best/5739628526
"수중전에도 3만 7천 관중... FC서울, 평균 관중 3만 돌파  [68]",국내축구 - 정보/기사,https://www.fmkorea.com/best/5740588135
일본은 대만을 방어해야 하는가?  [429],미스터리 - 역사/일화,https://www.fmkorea.com/best/5739934809
블라인드에 돌고 있는 CJ ENM 구조조정 현황.jpg  [320],유머,https://www.fmkorea.com/best/5740671526
원피스)유아시절 압도적 최강자…jpg  [162],유머,https://www.fmkorea.com/best/5740006722
진화된 캣맘들이 고양이 밥주는 법 ㄷㄷㄷㄷ....JPG  [108],유머,https://www.fmkorea.com/best/5739708751
모은 돈없고 결혼 후 바로 퇴사한다는 여자와 결혼  [230],유머,https://www.fmkorea.com/best/5740073835
[TZ] 팀원을 놀라게 하고 투헬을 감동시킨 르로이 사네  [33],축구소식 - 번역기사,https://www.fmkorea.com/best/5740005619
"[11번가] 언더아머 바람막이 자켓 (35,910원) (무료)  [182]",핫딜 - 의류,https://www.fmkorea.com/best/5740718370
술집 심쿵 레전드.....gif  [149],유머 - 움짤,https://www.fmkorea.com/best/5740675592
돔구장의 필요성을 절실히 느낀 오늘 어린이날 관중수...JPG  [234],야구 - 영상/사진,https://www.fmkorea.com/best/5740672006
2014년에도 나왔던 과자 먹고 손 씻어주는 작품. mp4  [81],유머 - 움짤,https://www.fmkorea.com/best/5740441695
고척 빼고 비 덕분에 하루 쉬어갔던 내일의 졌다리그  [122],야구 - 정보,https://www.fmkorea.com/best/5740657831
모잠비크 드릴.gif  [64],유머 - 움짤,https://www.fmkorea.com/best/5740221379
"전북 김두현 감독 대행 ""항상 이런 응원이 나왔으면 어땠을까"" [춘추 현장]  [142]",국내축구 - 정보/기사,https://www.fmkorea.com/best/5740707523
담시즌 누디살 가동되면 이짤 많이 써야지  [127],해외축구 - Liverpool,https://www.fmkorea.com/best/5740639177
[오피셜] '이을용 아들' 이승준 포함...배준호·김용학 등 U20 월드컵 ...  [103],국내축구 - 정보/기사,https://www.fmkorea.com/best/5740645013
스포) 스타로드 이 새끼 의외였던 점  [87],영화/TV - 영화,https://www.fmkorea.com/best/5738204777
닭잘알 손흥민 찐팬 할머니  [104],해외축구 - 토트넘,https://www.fmkorea.com/best/5740665234
나폴리 우승 확정 당시 김민재 상황 ㅋㅋㅋㅋㅋ  [95],유머,https://www.fmkorea.com/best/5739942199
"[서울vs전북] 박동진 ""비오는날 찾아와준 어린이들 좋은추억이 됐으면 좋겠다""  [30]",국내축구 - 경기사진/영상,https://www.fmkorea.com/best/5740555359
2023년 5월 5일 프로야구 순위  [60],야구 - 영상/사진,https://www.fmkorea.com/best/5740664675
[해설/대구v울산] 울산 바코 볼트래핑 ㄷㄷㄷ  [20],국내축구 - 경기사진/영상,https://www.fmkorea.com/best/5740428815
[인천vs수원] 김보섭 터닝슛 양형모 스치고 골대 ㄷㄷㄷㄷㄷㄷㄷㄷㄷ  [9],국내축구 - 경기사진/영상,https://www.fmkorea.com/best/5740662633
인기 탑여돌 과 탑여배우의 비공식 대결...  [775],유머,https://www.fmkorea.com/best/5740424574
되팔이들에게 일침하는 일본의 잼민이 선생님들 ㅋㅋㅋ  [248],인방 - 사진/영상,https://www.fmkorea.com/best/5740713395
바람핀 아내가 낳은 자식 친자식 인정 안해도 돼  [163],유머,https://www.fmkorea.com/best/5740273277
잼민이가 말하는 어른보다 어린이하는게 훨씬 나은 이유 ㄷㄷㄷㄷㄷㄷㄷ  [84],유머 - 움짤,https://www.fmkorea.com/best/5740046140
키작은 덩샤오핑 이야기  [89],미스터리 - 역사/일화,https://www.fmkorea.com/best/5740317602
신종플루 걸린 샤이니 멤버들 인기가요 무대 대타...mp4  [214],유머 - 움짤,https://www.fmkorea.com/best/5740612764
"'충격' 나폴리 33년 만의 우승 행사에서 총기사고…1명 사망, 4명 중상  [135]",유머,https://www.fmkorea.com/best/5740337821
이쯤에서 보는 k리그 관중 난입 사건  [64],국내축구 - 잡담,https://www.fmkorea.com/best/5739671346
"[AN]베를루스코니 ""나폴리 만세,만세,만세! 저는 밀라노에서 태어난 나폴...  [73]",축구소식 - 번역기사,https://www.fmkorea.com/best/5739746000
애들이랑 에버랜드다녀왔다  [278],유머,https://www.fmkorea.com/best/5740651190
