글 제목,쇼핑몰,가격,배송비,링크
"도브 데오 알로에 50ml 2개 6,550원  [3]",11번가,"6,550원",무배,https://www.fmkorea.com/5741801254
백종원의 제주 돼지 부대찌개 밀키트 2개 4인분  [8],지마켓,"25,110원",무료,https://www.fmkorea.com/5741791531
삼성전자 갤럭시 S23 울트라 512G 자급제  [12],11번가,"1,327,950원",무료,https://www.fmkorea.com/5741778111
Cgv 영화예매권  [16],옥션,"10,200원",무료,https://www.fmkorea.com/5741768658
국희 땅콩샌드 70g x 3개 가성비대용량도 있음  [43],쿠팡,"1,900원",와우무료,https://www.fmkorea.com/5741711207
마니커에프앤지 통살치킨너겟 300g x 4봉  [7],톡딜,"11,900원",무료,https://www.fmkorea.com/5741695723
나이키의류  [3],나이키,20%할인,무료,https://www.fmkorea.com/5741683142
크라운 산도 딸기크림치즈 161g x 12개 외  [9],쿠팡,"17,040원",와우무료,https://www.fmkorea.com/5741680597
AIRism 빤쓰  [131],유니클로,"12,900원","30,000만이상무",https://www.fmkorea.com/5741546322
삼양라면 20봉 x 2박스  [17],지마켓,"스클20,250",스클무료,https://www.fmkorea.com/5741483999
얇은피 만두 고기2 김치2  [76],풀무원,"4,994원","3,000원",https://www.fmkorea.com/5741457143
"Skt망/161기가+일2기가+소진시 3mps 무제/통화,문자 무제한  [51]",아이즈모바일,0원,"유심비4,400",https://www.fmkorea.com/5741435317
(타임딜 예고) (5.6 1시) 삼성 식기세척기 DW60A5055FS  [31],11번가,"399,000원",무료,https://www.fmkorea.com/5741338636
알로하 수제파이 타르트 2가지맛 골라담기 5개 + 5개  [19],네이버원쁠딜,"18,490원",0원,https://www.fmkorea.com/5741350616
AOC 27인치 QHD 모니터 Q27G2SD  [35],11번가,"361,080원",무료,https://www.fmkorea.com/5741345641
삼성 32인치 4K 퀀텀닷 IPS 모니터 S32B800  [21],옥션,"569,110원",무료,https://www.fmkorea.com/5741311149
아이패드 프로 11 4세대 M2 WIFI 128GB  [24],11번가,"1,022,750원",무료,https://www.fmkorea.com/5741326681
시세이도 헤어키친 커스터마이징 샴푸&트리트먼트&에센스 체험세트  [17],네이버스토어,0원,"2,500원",https://www.fmkorea.com/5741314768
풀무원 39주년 할인 + 페이코 18퍼 할인  [134],풀무원,매상품다름,4만원이상시무료,https://www.fmkorea.com/5741176819
[빅스예고] 로보락S8 Pro Ultra  [229],G마켓,"1,490,000원",무료,https://www.fmkorea.com/5741004982
언더아머 바람막이 자켓  [193],하이마트,"525,990원",무료,https://www.fmkorea.com/5740718370
삼성전자 무한 잉크젯 복합기 잉크포함 SL-T2170W  [31],11번가,"35,910원",무료,https://www.fmkorea.com/5740507774
레이저 스트림 컨트롤러  [29],11번가,"167,160원",무료,https://www.fmkorea.com/5740454390
멘소래담 스프레이3종  [22],쿠팡,"989,010원",무료,https://www.fmkorea.com/5740433250
s32bg750 4k 165hz 커브드 모니터  [47],메디힐,"8,840원",조건부무료,https://www.fmkorea.com/5740424637
온더보더 모바일 금액권 5만원권  [17],네이버,"198,000원","2,500원",https://www.fmkorea.com/5740382763
쨍하고해뜰집 제습제 525ml X 8개  [23],11번가,"34,500원",무료,https://www.fmkorea.com/5740353866
나혼자 전자렌지 국밥 6종 균일가 (유통기한 임박)  [44],11번가타임딜,"9,900원",무료,https://www.fmkorea.com/5740343006
누텔라 370g x3  [26],"지미켓,옥션","819,000원",무료,https://www.fmkorea.com/5740322099
컬쳐랜드 모바일 문화상품권 5만원  [30],11번가,"1,750원",-,https://www.fmkorea.com/5740319456
S32BG700 4K 144hz 삼성 모니터 빅스할인  [22],11번가,"37,000원",무료,https://www.fmkorea.com/5740292200
티아이포맨 S/S 반팔/블루종/셔츠/슬랙스 ~ 80%OFF  [24],위메프,"6,500원",무료,https://www.fmkorea.com/5740284160
라코스테 본사 베이직 반팔티/파리 폴로 피케티 등  [197],네이버,690원,"3,000원",https://www.fmkorea.com/5740269900
군밤 40g 20봉지  [7],지마켓,"10,950원",무료,https://www.fmkorea.com/5740229481
나랑드사이다 345ml 24캔  [19],하이버,"9,900원",무료,https://www.fmkorea.com/5740189183
쏜리서치 베이직 뉴트리언트 투퍼데이 60캡슐 4병  [96],11번가,"79,800원",무료,https://www.fmkorea.com/5740185418
비앙떼 제로 허니자몽블랙&허니유자캐모마일 500ml 20병  [19],티몬,"10,730원",무료,https://www.fmkorea.com/5740142885
23년 달콤한 성주 꿀참외 2kg (혼합과/4-15과)  [4],티몬,"1,500원","3,000원",https://www.fmkorea.com/5737160459
서울) 요기요 12%무제한 할인  [97],11번가,"8,900원",0원,https://www.fmkorea.com/5740088899
신당동 떡볶이 과자 192g X 12봉 (큰봉지)  [21],요기요,12%,무료,https://www.fmkorea.com/5740047749
1+1 블루안트 2X밴드 쿨토시 일반형  [16],쿠팡,"15,270원",와우무료,https://www.fmkorea.com/5740018555
미즈노 스포츠 쿠션 양말 7/5/4팩 택1  [36],11번가,"8,800원",무료,https://www.fmkorea.com/5740015612
칠사제 펩제 등등  [26],하이버,"9,900원",무료,https://www.fmkorea.com/5740012367
닥터페퍼 제로 355ml 24입  [116],이마트24,5천원쿠폰줌,0원,https://www.fmkorea.com/5740005975
정남진 새청무쌀 10kg 당일도정 상등급  [11],11번가,"14,630원",무료,https://www.fmkorea.com/5739997636
데리버거 + 더블데리버거  [65],티몬,"20,900원",무배,https://www.fmkorea.com/5739916217
나이키 드라이핏 스트라이드 쇼츠 7인치  [84],아이즈모바일,0원,무료,https://www.fmkorea.com/5739905443
우주패스) Crucial P3 Plus 1TB  [32],11번가,"8,700원",무료,https://www.fmkorea.com/5739904251
덴마크 테이크얼라이브 스위트자몽/망고 120ml 48개  [4],롯데잇츠,"5,400원",매장방문,https://www.fmkorea.com/5739893082
CtoC 고속충전케이블 1m 60W 5개  [18],나이키앱,"44,160원",무료,https://www.fmkorea.com/5739892058
ACG 마운틴플라이 검정  [33],11번가,"59,210원",우주패스무료,https://www.fmkorea.com/5739887314
홈스밀 라자냐 400g x 3팩  [15],떠리몰,"9,900원",무배,https://www.fmkorea.com/5739884623
"킹콩 부대찌개 500g+사리면 1개, 떡볶이 등  [14]",위메프,"6,650원~",무배,https://www.fmkorea.com/5739838080
해피바스 오리지널 바디워시 910g 7종 택1  [3],올리브영,"7,900원","2,500원",https://www.fmkorea.com/5739805945
위닉스 공기청정기 타워프라임  [8],sk스토아,"309,100원",무료,https://www.fmkorea.com/5739798151
필립스 SkinIQ 9000 시리즈 전기면도기 S9985/50 와우기준  [13],쿠팡,"240,110원",무료,https://www.fmkorea.com/5739795628
미니스톱카카오페이 핫커피 50%  [5],미니스톱,600원부터,뚜벅,https://www.fmkorea.com/5739776060
에어맥스97 여성용  [28],나이키앱,"105,120원",ㆍ,https://www.fmkorea.com/5739759043
"삼다수 2리터 12입 외 쿠폰가 10,780원  [62]",티몬,"10,780원",무료,https://www.fmkorea.com/5739729108
호주산 안심 100g당 4980원 부채살 100g당 1470원  [13],홈플러스,"4,980원",4만이상무배,https://www.fmkorea.com/5739711975
"Skt망/161기가+일2기가/통화,문자 무제한  [426]",모빙,0원,0원,https://www.fmkorea.com/5739695882
복음자리 짜먹는 잼 4개  [23],카카오톡,"8,900원",무료,https://www.fmkorea.com/5739682892
오예스 미니 192g x 4박스  [39],홈플러스,"1,470원",4만원이상무료,https://www.fmkorea.com/5739497483
매일두유 고단백 54팩  [35],쿠팡,"8,760원",로켓와우,https://www.fmkorea.com/5739495705
나이키 우먼 데이브레이크  [44],롯데온,"27,290원","3,000원",https://www.fmkorea.com/5739437066
비타500제로 40병 외 잔망루피/콜라겐/칼슘/Fresh  [15],나이키앱,"50,575원",무배,https://www.fmkorea.com/5739229631
Horizon Chase Turbo 무료배포  [25],11번가,"11,700원",무료,https://www.fmkorea.com/5739206189
콘푸라이트 600g 3개+시리얼용기 킹자 티멤  [31],티몬,"15,950원",무료,https://www.fmkorea.com/5739201464
킨더 해피히포 t5 초콜릿 104g x 5입  [37],에픽게임즈,0원,무료,https://www.fmkorea.com/5739193332
삼성 공식인증 마이크로SD PRO PLUS 512GB  [28],11번가,"45,740원",무료,https://www.fmkorea.com/5739127325
Corsair 벤전스 LPX 32GB (2 X 16GB) DDR4 3600 (PC4-28800) C18 1.35V 데스크탑 메모리 블랙  [35],11마존,"91,740원",우주패스무료,https://www.fmkorea.com/5739108954
[씹덕주의] 어린이날 기념 씹덕스러운 피규어 할인 행사!!!  [121],코믹스아트,"12,345원",무료,https://www.fmkorea.com/5739085121
아이깨끗해 릴리 250ml용기 + 200ml리필 x 4개 + 100ml 증정  [8],위메프,"9,900원",무료,https://www.fmkorea.com/5739068222
어린이날 기념 크록스 제품 할인  [9],위메프,"6,210원",무료배송,https://www.fmkorea.com/5739008938
방울토마토 4번 2kg 외 완숙 크기다양  [60],옥션,"스클10,140",무료,https://www.fmkorea.com/5738990655
금요일은 편의점 가는 날!  [84],티몬,"9,800원",무료,https://www.fmkorea.com/5738963389
삼다수 2리터 12입 외  [15],위메프,"6,960원",무배,https://www.fmkorea.com/5738959926
가그린 구강청결제 제로 820ml 5개  [11],네이버페이,"2,000원이상",현장결제,https://www.fmkorea.com/5738958508
삼성 갤럭시북2 NT550XEZ-A38A 실버 윈도우 미탑재  [43],티몬,"10,780원",무료,https://www.fmkorea.com/5738930313
Jbl bar 9.1 사운드바  [66],11번가,"15,900원",무료,https://www.fmkorea.com/5738775502
모탈 컴뱃 11 얼티메이트 Mortal Kombat 11 Ultimate(~23.5.7)  [14],11번가,"397,810원",무료,https://www.fmkorea.com/5738597451
아이시스 8.0 300ml 20펫 3묶음 총 60펫  [5],ssg,"658,470원",무료,https://www.fmkorea.com/5738581880
(5/8~카드할인)LG 27GN650 IPS FHD 144Hz 게이밍모니터  [78],인터파크,"8,260원",0원,https://www.fmkorea.com/5738554327
기한임박) 파워에이드 퍼플스톰 600ml x 24  [39],닌텐도 e숍(US),11.99$,0원,https://www.fmkorea.com/5738530690
칸쵸 54g X 32개  [18],쿠팡,"20,700원",무료,https://www.fmkorea.com/5738517942
pc게임패스 1개월 무료  [220],네이버멤버쉽,0원,무료,https://www.fmkorea.com/5738497335
젠하이저 IE200 이어폰  [32],젠샵,"149,000원",무료,https://www.fmkorea.com/5738485139
"LG전자3구 인덕션 BEI3MQ 신,삼12%+엘포100,000원+캐시백50,000원 = 90만원대  [17]",하이마트,"906,000원",무료,https://www.fmkorea.com/5736792049
[5월 8일 오픈]빅스마일 삼성모니터 모음전  [191],G마켓,"679,570원",무료,https://www.fmkorea.com/5738167238
풀무원 NEW얇은피 만두 고기4봉+김치2봉+꺳잎2봉+떙초2봉 총 10봉  [16],쿠팡,"35,970원",무료,https://www.fmkorea.com/5738321844
도루코 페이스6 면도기기획세트  [31],스마트스토어,"23,920원",무료,https://www.fmkorea.com/5738277166
ASUS 제피러스 GU603ZW-K8084W  [42],티몬,"22,010원",무료,https://www.fmkorea.com/5738154318
역대가) LG OLED evo TV OLED55C2FNA 138cm  [31],무신사,"18,678원",무료,https://www.fmkorea.com/5738154006
AMD 라이젠7-5세대 7800X3D (라파엘) (멀티팩(정품))  [33],11번가,"1,994,850원",무료,https://www.fmkorea.com/5738145004
COLORFUL 지포스 RTX 4070 Ti 토마호크 EX D6X 12GB  [44],11번가,"1,576,050원",무료,https://www.fmkorea.com/5738128184
LG 디오스 매직스페이스오브제컬렉션 4도어 냉장고  [10],위메프,"593,210원",무료,https://www.fmkorea.com/5738121150
s32bg700 빅스마일데이 알림  [54],위메프,"963,990원",무료,https://www.fmkorea.com/5738112808
쿠쿠 공기청정 제습기 22년형 DH-Z16AF45FG  [13],11번가,"1,578,000원",무료배송,https://www.fmkorea.com/5738059632
[빅스예고] 삼성 43인치 Mini LED 모니터 S43CG700  [41],11번가,"9,900원",무료,https://www.fmkorea.com/5738048392
[빅스예고] 삼성 34인치 OLED 모니터 S34BG850  [38],지마켓,"679,570원",무료,https://www.fmkorea.com/5737995918
닥터 오트커 카이막 58g x 3봉  [18],쿠쿠몰,"231,000원",무료,https://www.fmkorea.com/5738016040
앵콜 스마일캐시 전환 수수료 3% 선착순  [5],메타클럽,0원,0원,https://www.fmkorea.com/5738020264
펩시 제로 300ml * 60 PET  [15],칠성몰,"25,056원",무료,https://www.fmkorea.com/5737983858
2023 ASUS ROG 제피러스 G14 GA402XU-N2055  [36],인터파크,"126,518원",포함,https://www.fmkorea.com/5737953600
MSI MPG321UR-QD  [41],11번가,"1,781,550원",무료,https://www.fmkorea.com/5737959371
[빅스예고] LG 32인치 4K 모니터 32UN650  [199],빅스예고 G마켓,"714,720원",0원,https://www.fmkorea.com/5737840617
남도명가 국산 전라도 배추 포기김치 3kg  [18],옥션,"7,500원",무료,https://www.fmkorea.com/5737844608
뚜레쥬르 1만원권  [9],G마켓,"378,900원",무료,https://www.fmkorea.com/5737827358
나이키 파크 트레이닝복 반팔 반바지 세트  [32],톡딜,"9,900원",무료,https://www.fmkorea.com/5737804991
[빅스예고] LG 32인치 모니터 32GP750  [127],티몬,"7,590원",0원,https://www.fmkorea.com/5737723642
진라면 40봉  [10],하이버,"32,900원",무료,https://www.fmkorea.com/5737707187
스팀 주간할인 게임들  [119],티몬,"46,150원",무료,https://www.fmkorea.com/5737647711
카누 바리스타 어반 캡슐 커피머신 롯데/비씨  [38],티몬,"45,000원",무료,https://www.fmkorea.com/5737644606
노브랜드 버거 NBB 시그니처 세트 구매 시 NBB 시그니처 콤보 증정  [42],T 멤버쉽 T데이,무료,무료,https://www.fmkorea.com/5737641131
필립스 소닉케어 옵티멀 플라그 디펜스 칫솔모 8개입  [16],쿠팡 와우,"37,300원",무료,https://www.fmkorea.com/5737606256
펩시콜라 제로 라임향 210ml x 30캔(스플가)  [35],네이버 스마트스토어,"29,000원","2,500원",https://www.fmkorea.com/5737549473
구이요 소곱창 160g  [21],옥션,"12,040원",무료,https://www.fmkorea.com/5737528700
델로라 V11 파워 300W 무선청소기 레드  [27],위메프,"5,900원",무료,https://www.fmkorea.com/5737514220
4in1 무선충전기 애플워치 전용  [18],하이마트,"72,070원",무료,https://www.fmkorea.com/5737490169
웨이브 스탠다드/프리미엄 12개월 이용권  [59],대전사랑몰,약5.5만,무료,https://www.fmkorea.com/5737440886
컬쳐랜드 상품권 5만원권  [39],네이버,"19,900원",무료,https://www.fmkorea.com/5737438501
드시모네 프라임 2박스(4개월)+ 데일리20일분+듀얼스틱본품+스벅기프티콘  [22],11번가,"1,350원",-,https://www.fmkorea.com/5737397940
Crucial MX500 2TB SATA 2.5인치 SSD  [59],티몬,"80,960원부터",무료,https://www.fmkorea.com/5737380896
마데카 메디패치습윤밴드1매+마데카솔 2개  [17],티몬,"46,200원",무료,https://www.fmkorea.com/5737267728
Western Digital 8TB WD 블루 PC 하드 드라이브 HDD (WD80EAZZ)  [177],11번가,"165,600원",무료배송,https://www.fmkorea.com/5737272460
미즈노 쿠션 미드 5족  [47],11마존,"128,600원",우주패스무료,https://www.fmkorea.com/5737022343
페레로로쉐 초콜릿 바 90g 4종 (오리지널 다크 화이트 라파엘로) 국내배송BEST  [19],티몬,"10,320원",무료,https://www.fmkorea.com/5737234641
필립스 실속형 옵티멀 칫솔모 화이트 HX6068/67 8개  [12],11마존,"125,030원",무료,https://www.fmkorea.com/5737205614
누룽지 1+1kg  [1],지마켓,"10,710원",무료,https://www.fmkorea.com/5737224977
우르오스 스킨워시 500ml x 2개(스킨밀크 15ml 2개 증정)  [52],네이버스마트스토어,"2,950원","68,000원이상무배",https://www.fmkorea.com/5737191333
나이키 윈드러너 바람막이  [68],나이키앱,"92,880원",무배,https://www.fmkorea.com/5737184858
요기요 상품권 3만원권 5만원권 8%할인  [14],카카오톡딜,"27,600원",무배,https://www.fmkorea.com/5737178485
Corsair 벤전스 RGB 프로 SL 32GB DDR4 3600 화이트 (CMH32GX4M2D3600C18W)  [43],티몬,"45,000원",무배,https://www.fmkorea.com/5737169453
라인바싸 탄산수 500ml 40개 플레인/레몬/자몽  [3],11번가 아마존,"95,000원",우주패스무료,https://www.fmkorea.com/5737162379
나이키 솔로 스우시 새틴 봄버 자켓 블랙  [197],티몬,"14,200원",무료,https://www.fmkorea.com/5737140213
라메풀라르 틴케이스 4종 중 택2  [3],나이키닷컴(인앱),"100,720원",무배,https://www.fmkorea.com/5737133431
"나이키 킬샷2 래더 (루시드 그린, 네이비)  [52]",옥션,"20,820원",무료배송,https://www.fmkorea.com/5737133145
나이키 킬샷 2 레더 네이비/그린  [28],나이키공홈,"69,760원",무료,https://www.fmkorea.com/5737126433
나이키 공홈 제품 할인 + 공앱 20% 추가 할인  [39],Nike,"69,760원",무료,https://www.fmkorea.com/5737099621
[동아오츠카]나랑드사이다 350ml PET 20입(플레인/그린애플/파인애플 선택)  [1],나이키,"12,345원",무료,https://www.fmkorea.com/5737088368
지도표 성경김 재래김 32봉  [2],하이버,"9,715원",무료배송,https://www.fmkorea.com/5737064838
광동 비타500 ZERO 스파클링 250ml 24캔  [16],G마켓,"23,350원",무료,https://www.fmkorea.com/5737074952
[바로가기ON! 최종혜택 93.9만!] 삼성전자 갤럭시탭 S8 울트라 SM-X900 WiFi 128GB  [10],11번가,"8,900원",무배,https://www.fmkorea.com/5737053373
에어맥스 97 OG 실버  [191],11번가,"14,160원",무료,https://www.fmkorea.com/5737035753
지도표 재래 도시락김 24+24 총 48봉  [5],원쁠딜,"11,900원",무료,https://www.fmkorea.com/5737025035
샤카웨어 7.5oz 맥스 헤비웨이트 무지 오버핏 반팔티 2개  [27],하이버,"18,900원",무료,https://www.fmkorea.com/5737022023
"스파클 2리터 30병 11,410원 /500ml 100병 13,710원  [13]",티몬,"11,410원",무료,https://www.fmkorea.com/5737016357
Corsair 벤전스 LPX 32GB (2 X 16GB) DDR4 3600  [22],11번가,"94,740원",무료,https://www.fmkorea.com/5736998159
[단하루 파격가 209만] ASUS ROG Strix G814JI-N5039 하이엔드 게이밍노트북 인텔13세대 i7/RTX4070  [27],11번가,"1,659,000원",0원,https://www.fmkorea.com/5736937366
"무비싸다구 2000원 관람권(존윅4, 드림)  [37]",옥션,"14,100원",무료,https://www.fmkorea.com/5736884844
푸마 티셔츠  [19],11번가,"2,099,000원",배송비무료,https://www.fmkorea.com/5736832706
뉴발란스 574  [269],롯데시네마,"2,000원",무료,https://www.fmkorea.com/5736805596
삼성 SL-C513 컬러 레이저 프린터  [9],네이버,"209,000원",0원,https://www.fmkorea.com/5736783002
청정원 스파게티소스 600g x 3병 + 면 250g 1개(국민 10%)  [7],지마켓 스클,"8,510원",무료,https://www.fmkorea.com/5736772843
"순수본가 소곱창전골1.2kg+1.2kg 스클회원가 22,830원  [11]",sk스토아,"7,300원",무배,https://www.fmkorea.com/5736752526
나랑드사이다 그린애플 350ml x 20  [11],옥션,"11,360원",무료,https://www.fmkorea.com/5736765714
"파스쿠찌 모바일 금액권 30,000원  [7]",티몬,"46,500원",무료,https://www.fmkorea.com/5736703334
